Type,Name,Request Count,Failure Count,Median Response Time,Average Response Time,Min Response Time,Max Response Time,Average Content Size,Requests/s,Failures/s,50%,66%,75%,80%,90%,95%,98%,99%,99.9%,99.99%,100%
POST,/predict,666,0,2500,3893.3777531831633,170.58462498243898,25037.686451978516,391.0,11.341626189083561,0.0,2500,2800,3000,3200,4200,21000,23000,25000,25000,25000,25000
,Aggregated,666,0,2500,3893.3777531831633,170.58462498243898,25037.686451978516,391.0,11.341626189083561,0.0,2500,2800,3000,3200,4200,21000,23000,25000,25000,25000,25000
