Type,Name,Request Count,Failure Count,Median Response Time,Average Response Time,Min Response Time,Max Response Time,Average Content Size,Requests/s,Failures/s,50%,66%,75%,80%,90%,95%,98%,99%,99.9%,99.99%,100%
POST,/predict,861,0,1600,2955.774102272935,158.6425619898364,23795.71328201564,391.0,14.583906141256877,0.0,1600,2600,3100,3400,3900,19000,21000,23000,24000,24000,24000
,Aggregated,861,0,1600,2955.774102272935,158.6425619898364,23795.71328201564,391.0,14.583906141256877,0.0,1600,2600,3100,3400,3900,19000,21000,23000,24000,24000,24000
