Type,Name,Request Count,Failure Count,Median Response Time,Average Response Time,Min Response Time,Max Response Time,Average Content Size,Requests/s,Failures/s,50%,66%,75%,80%,90%,95%,98%,99%,99.9%,99.99%,100%
POST,/predict,685,0,2800,3768.256300478922,1075.8378659957089,19979.092761990614,391.0,11.589696341782778,0.0,2800,3000,3100,3200,3700,17000,19000,20000,20000,20000,20000
,Aggregated,685,0,2800,3768.256300478922,1075.8378659957089,19979.092761990614,391.0,11.589696341782778,0.0,2800,3000,3100,3200,3700,17000,19000,20000,20000,20000,20000
